Variable,Explanation
a_image,画像における天体の長半径
apcorr_0,最初の口径に対する口径補正
apcorr_1,2番目の口径に対する口径補正
apcorr_2,3番目の口径に対する口径補正
area_auto,自動測定法で測定された天体の面積
area_iso,アイソフォタル測定法で測定された天体の面積
b_image,画像における天体の短半径
bkg_aper_0,最初の口径におけるバックグラウンドレベル
bkg_aper_1,2番目の口径におけるバックグラウンドレベル
bkg_aper_2,3番目の口径におけるバックグラウンドレベル
bkg_auto,自動測定法で測定されたバックグラウンドレベル
cflux,天体の全フラックス
cpeak,天体のピーク強度
cxx_image,画像における天体の光度分布のx軸方向の二次のモーメント
cxy_image,画像における天体の光度分布のxy平面における二次のモーメント
cyy_image,画像における天体の光度分布のy軸方向の二次のモーメント
dec,天体の赤緯（天球座標）
dummy_err,ダミーのエラー値（おそらくプレースホルダー）
dummy_flux,ダミーのフラックス値（おそらくプレースホルダー）
errx2,x軸方向の二次のモーメントの誤差
errxy,xy平面における二次のモーメントの誤差
erry2,y軸方向の二次のモーメントの誤差
f070w_bkg_aper_0,F070Wフィルターの最初の口径におけるバックグラウンドレベル
f070w_bkg_aper_1,F070Wフィルターの2番目の口径におけるバックグラウンドレベル
f070w_bkg_aper_2,F070Wフィルターの3番目の口径におけるバックグラウンドレベル
f070w_corr_0,F070Wフィルターの最初の口径に対する補正係数
f070w_corr_1,F070Wフィルターの2番目の口径に対する補正係数
f070w_corr_2,F070Wフィルターの3番目の口径に対する補正係数
f070w_ecorr_0,F070Wフィルターの最初の口径に対する補正係数の誤差
f070w_ecorr_1,F070Wフィルターの2番目の口径に対する補正係数の誤差
f070w_ecorr_2,F070Wフィルターの3番目の口径に対する補正係数の誤差
f070w_etot_0,F070Wフィルターの最初の口径に対する全誤差
f070w_etot_1,F070Wフィルターの2番目の口径に対する全誤差
f070w_etot_2,F070Wフィルターの3番目の口径に対する全誤差
f070w_flag_aper_0,F070Wフィルターの最初の口径における測定の品質を示すフラグ
f070w_flag_aper_1,F070Wフィルターの2番目の口径における測定の品質を示すフラグ
f070w_flag_aper_2,F070Wフィルターの3番目の口径における測定の品質を示すフラグ
f070w_flux_aper_0,F070Wフィルターの最初の口径で測定されたフラックス
f070w_flux_aper_1,F070Wフィルターの2番目の口径で測定されたフラックス
f070w_flux_aper_2,F070Wフィルターの3番目の口径で測定されたフラックス
f070w_fluxerr_aper_0,F070Wフィルターの最初の口径で測定されたフラックスの誤差
f070w_fluxerr_aper_1,F070Wフィルターの2番目の口径で測定されたフラックスの誤差
f070w_fluxerr_aper_2,F070Wフィルターの3番目の口径で測定されたフラックスの誤差
f070w_mask_aper_0,F070Wフィルターの最初の口径で使用されたピクセルを示すマスク
f070w_mask_aper_1,F070Wフィルターの2番目の口径で使用されたピクセルを示すマスク
f070w_mask_aper_2,F070Wフィルターの3番目の口径で使用されたピクセルを示すマスク
f070w_tot_0,F070Wフィルターの最初の口径に対する合計値
f070w_tot_1,F070Wフィルターの2番目の口径に対する合計値
f070w_tot_2,F070Wフィルターの3番目の口径に対する合計値
f070w_tot_corr,F070Wフィルターの合計補正済みフラックス
f090w_bkg_aper_0,F090Wフィルターの最初の口径におけるバックグラウンドレベル
f090w_bkg_aper_1,F090Wフィルターの2番目の口径におけるバックグラウンドレベル
f090w_bkg_aper_2,F090Wフィルターの3番目の口径におけるバックグラウンドレベル
f090w_corr_0,F090Wフィルターの最初の口径に対する補正係数
f090w_corr_1,F090Wフィルターの2番目の口径に対する補正係数
f090w_corr_2,F090Wフィルターの3番目の口径に対する補正係数
f090w_ecorr_0,F090Wフィルターの最初の口径に対する補正係数の誤差
f090w_ecorr_1,F090Wフィルターの2番目の口径に対する補正係数の誤差
f090w_ecorr_2,F090Wフィルターの3番目の口径に対する補正係数の誤差
f090w_etot_0,F090Wフィルターの最初の口径に対する全誤差
f090w_etot_1,F090Wフィルターの2番目の口径に対する全誤差
f090w_etot_2,F090Wフィルターの3番目の口径に対する全誤差
f090w_flag_aper_0,F090Wフィルターの最初の口径における測定の品質を示すフラグ
f090w_flag_aper_1,F090Wフィルターの2番目の口径における測定の品質を示すフラグ
f090w_flag_aper_2,F090Wフィルターの3番目の口径における測定の品質を示すフラグ
f090w_flux_aper_0,F090Wフィルターの最初の口径で測定されたフラックス
f090w_flux_aper_1,F090Wフィルターの2番目の口径で測定されたフラックス
f090w_flux_aper_2,F090Wフィルターの3番目の口径で測定されたフラックス
f090w_fluxerr_aper_0,F090Wフィルターの最初の口径で測定されたフラックスの誤差
f090w_fluxerr_aper_1,F090Wフィルターの2番目の口径で測定されたフラックスの誤差
f090w_fluxerr_aper_2,F090Wフィルターの3番目の口径で測定されたフラックスの誤差
f090w_mask_aper_0,F090Wフィルターの最初の口径で使用されたピクセルを示すマスク
f090w_mask_aper_1,F090Wフィルターの2番目の口径で使用されたピクセルを示すマスク
f090w_mask_aper_2,F090Wフィルターの3番目の口径で使用されたピクセルを示すマスク
f090w_tot_0,F090Wフィルターの最初の口径に対する合計値
f090w_tot_1,F090Wフィルターの2番目の口径に対する合計値
f090w_tot_2,F090Wフィルターの3番目の口径に対する合計値
f090w_tot_corr,F090Wフィルターの合計補正済みフラックス
f105w_bkg_aper_0,F105Wフィルターの最初の口径におけるバックグラウンドレベル
f105w_bkg_aper_1,F105Wフィルターの2番目の口径におけるバックグラウンドレベル
f105w_bkg_aper_2,F105Wフィルターの3番目の口径におけるバックグラウンドレベル
f105w_corr_0,F105Wフィルターの最初の口径に対する補正係数
f105w_corr_1,F105Wフィルターの2番目の口径に対する補正係数
f105w_corr_2,F105Wフィルターの3番目の口径に対する補正係数
f105w_ecorr_0,F105Wフィルターの最初の口径に対する補正係数の誤差
f105w_ecorr_1,F105Wフィルターの2番目の口径に対する補正係数の誤差
f105w_ecorr_2,F105Wフィルターの3番目の口径に対する補正係数の誤差
f105w_etot_0,F105Wフィルターの最初の口径に対する全誤差
f105w_etot_1,F105Wフィルターの2番目の口径に対する全誤差
f105w_etot_2,F105Wフィルターの3番目の口径に対する全誤差
f105w_flag_aper_0,F105Wフィルターの最初の口径における測定の品質を示すフラグ
f105w_flag_aper_1,F105Wフィルターの2番目の口径における測定の品質を示すフラグ
f105w_flag_aper_2,F105Wフィルターの3番目の口径における測定の品質を示すフラグ
f105w_flux_aper_0,F105Wフィルターの最初の口径で測定されたフラックス
f105w_flux_aper_1,F105Wフィルターの2番目の口径で測定されたフラックス
f105w_flux_aper_2,F105Wフィルターの3番目の口径で測定されたフラックス
f105w_fluxerr_aper_0,F105Wフィルターの最初の口径で測定されたフラックスの誤差
f105w_fluxerr_aper_1,F105Wフィルターの2番目の口径で測定されたフラックスの誤差
f105w_fluxerr_aper_2,F105Wフィルターの3番目の口径で測定されたフラックスの誤差
f105w_mask_aper_0,F105Wフィルターの最初の口径で使用されたピクセルを示すマスク
f105w_mask_aper_1,F105Wフィルターの2番目の口径で使用されたピクセルを示すマスク
f105w_mask_aper_2,F105Wフィルターの3番目の口径で使用されたピクセルを示すマスク
f105w_tot_0,F105Wフィルターの最初の口径に対する合計値
f105w_tot_1,F105Wフィルターの2番目の口径に対する合計値
f105w_tot_2,F105Wフィルターの3番目の口径に対する合計値
f105w_tot_corr,F105Wフィルターの合計補正済みフラックス
f115w_bkg_aper_0,F115Wフィルターの最初の口径におけるバックグラウンドレベル
f115w_bkg_aper_1,F115Wフィルターの2番目の口径におけるバックグラウンドレベル
f115w_bkg_aper_2,F115Wフィルターの3番目の口径におけるバックグラウンドレベル
f115w_corr_0,F115Wフィルターの最初の口径に対する補正係数
f115w_corr_1,F115Wフィルターの2番目の口径に対する補正係数
f115w_corr_2,F115Wフィルターの3番目の口径に対する補正係数
f115w_ecorr_0,F115Wフィルターの最初の口径に対する補正係数の誤差
f115w_ecorr_1,F115Wフィルターの2番目の口径に対する補正係数の誤差
f115w_ecorr_2,F115Wフィルターの3番目の口径に対する補正係数の誤差
f115w_etot_0,F115Wフィルターの最初の口径に対する全誤差
f115w_etot_1,F115Wフィルターの2番目の口径に対する全誤差
f115w_etot_2,F115Wフィルターの3番目の口径に対する全誤差
f115w_flag_aper_0,F115Wフィルターの最初の口径における測定の品質を示すフラグ
f115w_flag_aper_1,F115Wフィルターの2番目の口径における測定の品質を示すフラグ
f115w_flag_aper_2,F115Wフィルターの3番目の口径における測定の品質を示すフラグ
f115w_flux_aper_0,F115Wフィルターの最初の口径で測定されたフラックス
f115w_flux_aper_1,F115Wフィルターの2番目の口径で測定されたフラックス
f115w_flux_aper_2,F115Wフィルターの3番目の口径で測定されたフラックス
f115w_fluxerr_aper_0,F115Wフィルターの最初の口径で測定されたフラックスの誤差
f115w_fluxerr_aper_1,F115Wフィルターの2番目の口径で測定されたフラックスの誤差
f115w_fluxerr_aper_2,F115Wフィルターの3番目の口径で測定されたフラックスの誤差
f115w_mask_aper_0,F115Wフィルターの最初の口径で使用されたピクセルを示すマスク
f115w_mask_aper_1,F115Wフィルターの2番目の口径で使用されたピクセルを示すマスク
f115w_mask_aper_2,F115Wフィルターの3番目の口径で使用されたピクセルを示すマスク
f115w_tot_0,F115Wフィルターの最初の口径に対する合計値
f115w_tot_1,F115Wフィルターの2番目の口径に対する合計値
f115w_tot_2,F115Wフィルターの3番目の口径に対する合計値
f115w_tot_corr,F115Wフィルターの合計補正済みフラックス
f125w_bkg_aper_0,F125Wフィルターの最初の口径におけるバックグラウンドレベル
f125w_bkg_aper_1,F125Wフィルターの2番目の口径におけるバックグラウンドレベル
f125w_bkg_aper_2,F125Wフィルターの3番目の口径におけるバックグラウンドレベル
f125w_corr_0,F125Wフィルターの最初の口径に対する補正係数
f125w_corr_1,F125Wフィルターの2番目の口径に対する補正係数
f125w_corr_2,F125Wフィルターの3番目の口径に対する補正係数
f125w_ecorr_0,F125Wフィルターの最初の口径に対する補正係数の誤差
f125w_ecorr_1,F125Wフィルターの2番目の口径に対する補正係数の誤差
f125w_ecorr_2,F125Wフィルターの3番目の口径に対する補正係数の誤差
f125w_etot_0,F125Wフィルターの最初の口径に対する全誤差
f125w_etot_1,F125Wフィルターの2番目の口径に対する全誤差
f125w_etot_2,F125Wフィルターの3番目の口径に対する全誤差
f125w_flag_aper_0,F125Wフィルターの最初の口径における測定の品質を示すフラグ
f125w_flag_aper_1,F125Wフィルターの2番目の口径における測定の品質を示すフラグ
f125w_flag_aper_2,F125Wフィルターの3番目の口径における測定の品質を示すフラグ
f125w_flux_aper_0,F125Wフィルターの最初の口径で測定されたフラックス
f125w_flux_aper_1,F125Wフィルターの2番目の口径で測定されたフラックス
f125w_flux_aper_2,F125Wフィルターの3番目の口径で測定されたフラックス
f125w_fluxerr_aper_0,F125Wフィルターの最初の口径で測定されたフラックスの誤差
f125w_fluxerr_aper_1,F125Wフィルターの2番目の口径で測定されたフラックスの誤差
f125w_fluxerr_aper_2,F125Wフィルターの3番目の口径で測定されたフラックスの誤差
f125w_mask_aper_0,F125Wフィルターの最初の口径で使用されたピクセルを示すマスク
f125w_mask_aper_1,F125Wフィルターの2番目の口径で使用されたピクセルを示すマスク
f125w_mask_aper_2,F125Wフィルターの3番目の口径で使用されたピクセルを示すマスク
f125w_tot_0,F125Wフィルターの最初の口径に対する合計値
f125w_tot_1,F125Wフィルターの2番目の口径に対する合計値
f125w_tot_2,F125Wフィルターの3番目の口径に対する合計値
f125w_tot_corr,F125Wフィルターの合計補正済みフラックス
f140m_bkg_aper_0,F140Mフィルターの最初の口径におけるバックグラウンドレベル
f140m_bkg_aper_1,F140Mフィルターの2番目の口径におけるバックグラウンドレベル
f140m_bkg_aper_2,F140Mフィルターの3番目の口径におけるバックグラウンドレベル
f140m_corr_0,F140Mフィルターの最初の口径に対する補正係数
f140m_corr_1,F140Mフィルターの2番目の口径に対する補正係数
f140m_corr_2,F140Mフィルターの3番目の口径に対する補正係数
f140m_ecorr_0,F140Mフィルターの最初の口径に対する補正係数の誤差
f140m_ecorr_1,F140Mフィルターの2番目の口径に対する補正係数の誤差
f140m_ecorr_2,F140Mフィルターの3番目の口径に対する補正係数の誤差
f140m_etot_0,F140Mフィルターの最初の口径に対する全誤差
f140m_etot_1,F140Mフィルターの2番目の口径に対する全誤差
f140m_etot_2,F140Mフィルターの3番目の口径に対する全誤差
f140m_flag_aper_0,F140Mフィルターの最初の口径における測定の品質を示すフラグ
f140m_flag_aper_1,F140Mフィルターの2番目の口径における測定の品質を示すフラグ
f140m_flag_aper_2,F140Mフィルターの3番目の口径における測定の品質を示すフラグ
f140m_flux_aper_0,F140Mフィルターの最初の口径で測定されたフラックス
f140m_flux_aper_1,F140Mフィルターの2番目の口径で測定されたフラックス
f140m_flux_aper_2,F140Mフィルターの3番目の口径で測定されたフラックス
f140m_fluxerr_aper_0,F140Mフィルターの最初の口径で測定されたフラックスの誤差
f140m_fluxerr_aper_1,F140Mフィルターの2番目の口径で測定されたフラックスの誤差
f140m_fluxerr_aper_2,F140Mフィルターの3番目の口径で測定されたフラックスの誤差
f140m_mask_aper_0,F140Mフィルターの最初の口径で使用されたピクセルを示すマスク
f140m_mask_aper_1,F140Mフィルターの2番目の口径で使用されたピクセルを示すマスク
f140m_mask_aper_2,F140Mフィルターの3番目の口径で使用されたピクセルを示すマスク
f140m_tot_0,F140Mフィルターの最初の口径に対する合計値
f140m_tot_1,F140Mフィルターの2番目の口径に対する合計値
f140m_tot_2,F140Mフィルターの3番目の口径に対する合計値
f140m_tot_corr,F140Mフィルターの合計補正済みフラックス
f140w_bkg_aper_0,F140Wフィルターの最初の口径におけるバックグラウンドレベル
f140w_bkg_aper_1,F140Wフィルターの2番目の口径におけるバックグラウンドレベル
f140w_bkg_aper_2,F140Wフィルターの3番目の口径におけるバックグラウンドレベル
f140w_corr_0,F140Wフィルターの最初の口径に対する補正係数
f140w_corr_1,F140Wフィルターの2番目の口径に対する補正係数
f140w_corr_2,F140Wフィルターの3番目の口径に対する補正係数
f140w_ecorr_0,F140Wフィルターの最初の口径に対する補正係数の誤差
f140w_ecorr_1,F140Wフィルターの2番目の口径に対する補正係数の誤差
f140w_ecorr_2,F140Wフィルターの3番目の口径に対する補正係数の誤差
f140w_etot_0,F140Wフィルターの最初の口径に対する全誤差
f140w_etot_1,F140Wフィルターの2番目の口径に対する全誤差
f140w_etot_2,F140Wフィルターの3番目の口径に対する全誤差
f140w_flag_aper_0,F140Wフィルターの最初の口径における測定の品質を示すフラグ
f140w_flag_aper_1,F140Wフィルターの2番目の口径における測定の品質を示すフラグ
f140w_flag_aper_2,F140Wフィルターの3番目の口径における測定の品質を示すフラグ
f140w_flux_aper_0,F140Wフィルターの最初の口径で測定されたフラックス
f140w_flux_aper_1,F140Wフィルターの2番目の口径で測定されたフラックス
f140w_flux_aper_2,F140Wフィルターの3番目の口径で測定されたフラックス
f140w_fluxerr_aper_0,F140Wフィルターの最初の口径で測定されたフラックスの誤差
f140w_fluxerr_aper_1,F140Wフィルターの2番目の口径で測定されたフラックスの誤差
f140w_fluxerr_aper_2,F140Wフィルターの3番目の口径で測定されたフラックスの誤差
f140w_mask_aper_0,F140Wフィルターの最初の口径で使用されたピクセルを示すマスク
f140w_mask_aper_1,F140Wフィルターの2番目の口径で使用されたピクセルを示すマスク
f140w_mask_aper_2,F140Wフィルターの3番目の口径で使用されたピクセルを示すマスク
f140w_tot_0,F140Wフィルターの最初の口径に対する合計値
f140w_tot_1,F140Wフィルターの2番目の口径に対する合計値
f140w_tot_2,F140Wフィルターの3番目の口径に対する合計値
f140w_tot_corr,F140Wフィルターの合計補正済みフラックス
f150w_bkg_aper_0,F150Wフィルターの最初の口径におけるバックグラウンドレベル
f150w_bkg_aper_1,F150Wフィルターの2番目の口径におけるバックグラウンドレベル
f150w_bkg_aper_2,F150Wフィルターの3番目の口径におけるバックグラウンドレベル
f150w_corr_0,F150Wフィルターの最初の口径に対する補正係数
f150w_corr_1,F150Wフィルターの2番目の口径に対する補正係数
f150w_corr_2,F150Wフィルターの3番目の口径に対する補正係数
f150w_ecorr_0,F150Wフィルターの最初の口径に対する補正係数の誤差
f150w_ecorr_1,F150Wフィルターの2番目の口径に対する補正係数の誤差
f150w_ecorr_2,F150Wフィルターの3番目の口径に対する補正係数の誤差
f150w_etot_0,F150Wフィルターの最初の口径に対する全誤差
f150w_etot_1,F150Wフィルターの2番目の口径に対する全誤差
f150w_etot_2,F150Wフィルターの3番目の口径に対する全誤差
f150w_flag_aper_0,F150Wフィルターの最初の口径における測定の品質を示すフラグ
f150w_flag_aper_1,F150Wフィルターの2番目の口径における測定の品質を示すフラグ
f150w_flag_aper_2,F150Wフィルターの3番目の口径における測定の品質を示すフラグ
f150w_flux_aper_0,F150Wフィルターの最初の口径で測定されたフラックス
f150w_flux_aper_1,F150Wフィルターの2番目の口径で測定されたフラックス
f150w_flux_aper_2,F150Wフィルターの3番目の口径で測定されたフラックス
f150w_fluxerr_aper_0,F150Wフィルターの最初の口径で測定されたフラックスの誤差
f150w_fluxerr_aper_1,F150Wフィルターの2番目の口径で測定されたフラックスの誤差
f150w_fluxerr_aper_2,F150Wフィルターの3番目の口径で測定されたフラックスの誤差
f150w_mask_aper_0,F150Wフィルターの最初の口径で使用されたピクセルを示すマスク
f150w_mask_aper_1,F150Wフィルターの2番目の口径で使用されたピクセルを示すマスク
f150w_mask_aper_2,F150Wフィルターの3番目の口径で使用されたピクセルを示すマスク
f150w_tot_0,F150Wフィルターの最初の口径に対する合計値
f150w_tot_1,F150Wフィルターの2番目の口径に対する合計値
f150w_tot_2,F150Wフィルターの3番目の口径に対する合計値
f150w_tot_corr,F150Wフィルターの合計補正済みフラックス
f160w_bkg_aper_0,F160Wフィルターの最初の口径におけるバックグラウンドレベル
f160w_bkg_aper_1,F160Wフィルターの2番目の口径におけるバックグラウンドレベル
f160w_bkg_aper_2,F160Wフィルターの3番目の口径におけるバックグラウンドレベル
f160w_corr_0,F160Wフィルターの最初の口径に対する補正係数
f160w_corr_1,F160Wフィルターの2番目の口径に対する補正係数
f160w_corr_2,F160Wフィルターの3番目の口径に対する補正係数
f160w_ecorr_0,F160Wフィルターの最初の口径に対する補正係数の誤差
f160w_ecorr_1,F160Wフィルターの2番目の口径に対する補正係数の誤差
f160w_ecorr_2,F160Wフィルターの3番目の口径に対する補正係数の誤差
f160w_etot_0,F160Wフィルターの最初の口径に対する全誤差
f160w_etot_1,F160Wフィルターの2番目の口径に対する全誤差
f160w_etot_2,F160Wフィルターの3番目の口径に対する全誤差
f160w_flag_aper_0,F160Wフィルターの最初の口径における測定の品質を示すフラグ
f160w_flag_aper_1,F160Wフィルターの2番目の口径における測定の品質を示すフラグ
f160w_flag_aper_2,F160Wフィルターの3番目の口径における測定の品質を示すフラグ
f160w_flux_aper_0,F160Wフィルターの最初の口径で測定されたフラックス
f160w_flux_aper_1,F160Wフィルターの2番目の口径で測定されたフラックス
f160w_flux_aper_2,F160Wフィルターの3番目の口径で測定されたフラックス
f160w_fluxerr_aper_0,F160Wフィルターの最初の口径で測定されたフラックスの誤差
f160w_fluxerr_aper_1,F160Wフィルターの2番目の口径で測定されたフラックスの誤差
f160w_fluxerr_aper_2,F160Wフィルターの3番目の口径で測定されたフラックスの誤差
f160w_mask_aper_0,F160Wフィルターの最初の口径で使用されたピクセルを示すマスク
f160w_mask_aper_1,F160Wフィルターの2番目の口径で使用されたピクセルを示すマスク
f160w_mask_aper_2,F160Wフィルターの3番目の口径で使用されたピクセルを示すマスク
f160w_tot_0,F160Wフィルターの最初の口径に対する合計値
f160w_tot_1,F160Wフィルターの2番目の口径に対する合計値
f160w_tot_2,F160Wフィルターの3番目の口径に対する合計値
f160w_tot_corr,F160Wフィルターの合計補正済みフラックス
f182m_bkg_aper_0,F182Mフィルターの最初の口径におけるバックグラウンドレベル
f182m_bkg_aper_1,F182Mフィルターの2番目の口径におけるバックグラウンドレベル
f182m_bkg_aper_2,F182Mフィルターの3番目の口径におけるバックグラウンドレベル
f182m_corr_0,F182Mフィルターの最初の口径に対する補正係数
f182m_corr_1,F182Mフィルターの2番目の口径に対する補正係数
f182m_corr_2,F182Mフィルターの3番目の口径に対する補正係数
f182m_ecorr_0,F182Mフィルターの最初の口径に対する補正係数の誤差
f182m_ecorr_1,F182Mフィルターの2番目の口径に対する補正係数の誤差
f182m_ecorr_2,F182Mフィルターの3番目の口径に対する補正係数の誤差
f182m_etot_0,F182Mフィルターの最初の口径に対する全誤差
f182m_etot_1,F182Mフィルターの2番目の口径に対する全誤差
f182m_etot_2,F182Mフィルターの3番目の口径に対する全誤差
f182m_flag_aper_0,F182Mフィルターの最初の口径における測定の品質を示すフラグ
f182m_flag_aper_1,F182Mフィルターの2番目の口径における測定の品質を示すフラグ
f182m_flag_aper_2,F182Mフィルターの3番目の口径における測定の品質を示すフラグ
f182m_flux_aper_0,F182Mフィルターの最初の口径で測定されたフラックス
f182m_flux_aper_1,F182Mフィルターの2番目の口径で測定されたフラックス
f182m_flux_aper_2,F182Mフィルターの3番目の口径で測定されたフラックス
f182m_fluxerr_aper_0,F182Mフィルターの最初の口径で測定されたフラックスの誤差
f182m_fluxerr_aper_1,F182Mフィルターの2番目の口径で測定されたフラックスの誤差
f182m_fluxerr_aper_2,F182Mフィルターの3番目の口径で測定されたフラックスの誤差
f182m_mask_aper_0,F182Mフィルターの最初の口径で使用されたピクセルを示すマスク
f182m_mask_aper_1,F182Mフィルターの2番目の口径で使用されたピクセルを示すマスク
f182m_mask_aper_2,F182Mフィルターの3番目の口径で使用されたピクセルを示すマスク
f182m_tot_0,F182Mフィルターの最初の口径に対する合計値
f182m_tot_1,F182Mフィルターの2番目の口径に対する合計値
f182m_tot_2,F182Mフィルターの3番目の口径に対する合計値
f182m_tot_corr,F182Mフィルターの合計補正済みフラックス
f200w_bkg_aper_0,F200Wフィルターの最初の口径におけるバックグラウンドレベル
f200w_bkg_aper_1,F200Wフィルターの2番目の口径におけるバックグラウンドレベル
f200w_bkg_aper_2,F200Wフィルターの3番目の口径におけるバックグラウンドレベル
f200w_corr_0,F200Wフィルターの最初の口径に対する補正係数
f200w_corr_1,F200Wフィルターの2番目の口径に対する補正係数
f200w_corr_2,F200Wフィルターの3番目の口径に対する補正係数
f200w_ecorr_0,F200Wフィルターの最初の口径に対する補正係数の誤差
f200w_ecorr_1,F200Wフィルターの2番目の口径に対する補正係数の誤差
f200w_ecorr_2,F200Wフィルターの3番目の口径に対する補正係数の誤差
f200w_etot_0,F200Wフィルターの最初の口径に対する全誤差
f200w_etot_1,F200Wフィルターの2番目の口径に対する全誤差
f200w_etot_2,F200Wフィルターの3番目の口径に対する全誤差
f200w_flag_aper_0,F200Wフィルターの最初の口径における測定の品質を示すフラグ
f200w_flag_aper_1,F200Wフィルターの2番目の口径における測定の品質を示すフラグ
f200w_flag_aper_2,F200Wフィルターの3番目の口径における測定の品質を示すフラグ
f200w_flux_aper_0,F200Wフィルターの最初の口径で測定されたフラックス
f200w_flux_aper_1,F200Wフィルターの2番目の口径で測定されたフラックス
f200w_flux_aper_2,F200Wフィルターの3番目の口径で測定されたフラックス
f200w_fluxerr_aper_0,F200Wフィルターの最初の口径で測定されたフラックスの誤差
f200w_fluxerr_aper_1,F200Wフィルターの2番目の口径で測定されたフラックスの誤差
f200w_fluxerr_aper_2,F200Wフィルターの3番目の口径で測定されたフラックスの誤差
f200w_mask_aper_0,F200Wフィルターの最初の口径で使用されたピクセルを示すマスク
f200w_mask_aper_1,F200Wフィルターの2番目の口径で使用されたピクセルを示すマスク
f200w_mask_aper_2,F200Wフィルターの3番目の口径で使用されたピクセルを示すマスク
f200w_tot_0,F200Wフィルターの最初の口径に対する合計値
f200w_tot_1,F200Wフィルターの2番目の口径に対する合計値
f200w_tot_2,F200Wフィルターの3番目の口径に対する合計値
f200w_tot_corr,F200Wフィルターの合計補正済みフラックス
f210m_bkg_aper_0,F210Mフィルターの最初の口径におけるバックグラウンドレベル
f210m_bkg_aper_1,F210Mフィルターの2番目の口径におけるバックグラウンドレベル
f210m_bkg_aper_2,F210Mフィルターの3番目の口径におけるバックグラウンドレベル
f210m_corr_0,F210Mフィルターの最初の口径に対する補正係数
f210m_corr_1,F210Mフィルターの2番目の口径に対する補正係数
f210m_corr_2,F210Mフィルターの3番目の口径に対する補正係数
f210m_ecorr_0,F210Mフィルターの最初の口径に対する補正係数の誤差
f210m_ecorr_1,F210Mフィルターの2番目の口径に対する補正係数の誤差
f210m_ecorr_2,F210Mフィルターの3番目の口径に対する補正係数の誤差
f210m_etot_0,F210Mフィルターの最初の口径に対する全誤差
f210m_etot_1,F210Mフィルターの2番目の口径に対する全誤差
f210m_etot_2,F210Mフィルターの3番目の口径に対する全誤差
f210m_flag_aper_0,F210Mフィルターの最初の口径における測定の品質を示すフラグ
f210m_flag_aper_1,F210Mフィルターの2番目の口径における測定の品質を示すフラグ
f210m_flag_aper_2,F210Mフィルターの3番目の口径における測定の品質を示すフラグ
f210m_flux_aper_0,F210Mフィルターの最初の口径で測定されたフラックス
f210m_flux_aper_1,F210Mフィルターの2番目の口径で測定されたフラックス
f210m_flux_aper_2,F210Mフィルターの3番目の口径で測定されたフラックス
f210m_fluxerr_aper_0,F210Mフィルターの最初の口径で測定されたフラックスの誤差
f210m_fluxerr_aper_1,F210Mフィルターの2番目の口径で測定されたフラックスの誤差
f210m_fluxerr_aper_2,F210Mフィルターの3番目の口径で測定されたフラックスの誤差
f210m_mask_aper_0,F210Mフィルターの最初の口径で使用されたピクセルを示すマスク
f210m_mask_aper_1,F210Mフィルターの2番目の口径で使用されたピクセルを示すマスク
f210m_mask_aper_2,F210Mフィルターの3番目の口径で使用されたピクセルを示すマスク
f210m_tot_0,F210Mフィルターの最初の口径に対する合計値
f210m_tot_1,F210Mフィルターの2番目の口径に対する合計値
f210m_tot_2,F210Mフィルターの3番目の口径に対する合計値
f210m_tot_corr,F210Mフィルターの合計補正済みフラックス
f277w_bkg_aper_0,F277Wフィルターの最初の口径におけるバックグラウンドレベル
f277w_bkg_aper_1,F277Wフィルターの2番目の口径におけるバックグラウンドレベル
f277w_bkg_aper_2,F277Wフィルターの3番目の口径におけるバックグラウンドレベル
f277w_corr_0,F277Wフィルターの最初の口径に対する補正係数
f277w_corr_1,F277Wフィルターの2番目の口径に対する補正係数
f277w_corr_2,F277Wフィルターの3番目の口径に対する補正係数
f277w_ecorr_0,F277Wフィルターの最初の口径に対する補正係数の誤差
f277w_ecorr_1,F277Wフィルターの2番目の口径に対する補正係数の誤差
f277w_ecorr_2,F277Wフィルターの3番目の口径に対する補正係数の誤差
f277w_etot_0,F277Wフィルターの最初の口径に対する全誤差
f277w_etot_1,F277Wフィルターの2番目の口径に対する全誤差
f277w_etot_2,F277Wフィルターの3番目の口径に対する全誤差
f277w_flag_aper_0,F277Wフィルターの最初の口径における測定の品質を示すフラグ
f277w_flag_aper_1,F277Wフィルターの2番目の口径における測定の品質を示すフラグ
f277w_flag_aper_2,F277Wフィルターの3番目の口径における測定の品質を示すフラグ
f277w_flux_aper_0,F277Wフィルターの最初の口径で測定されたフラックス
f277w_flux_aper_1,F277Wフィルターの2番目の口径で測定されたフラックス
f277w_flux_aper_2,F277Wフィルターの3番目の口径で測定されたフラックス
f277w_fluxerr_aper_0,F277Wフィルターの最初の口径で測定されたフラックスの誤差
f277w_fluxerr_aper_1,F277Wフィルターの2番目の口径で測定されたフラックスの誤差
f277w_fluxerr_aper_2,F277Wフィルターの3番目の口径で測定されたフラックスの誤差
f277w_mask_aper_0,F277Wフィルターの最初の口径で使用されたピクセルを示すマスク
f277w_mask_aper_1,F277Wフィルターの2番目の口径で使用されたピクセルを示すマスク
f277w_mask_aper_2,F277Wフィルターの3番目の口径で使用されたピクセルを示すマスク
f277w_tot_0,F277Wフィルターの最初の口径に対する合計値
f277w_tot_1,F277Wフィルターの2番目の口径に対する合計値
f277w_tot_2,F277Wフィルターの3番目の口径に対する合計値
f277w_tot_corr,F277Wフィルターの合計補正済みフラックス
f356w_bkg_aper_0,F356Wフィルターの最初の口径におけるバックグラウンドレベル
f356w_bkg_aper_1,F356Wフィルターの2番目の口径におけるバックグラウンドレベル
f356w_bkg_aper_2,F356Wフィルターの3番目の口径におけるバックグラウンドレベル
f356w_corr_0,F356Wフィルターの最初の口径に対する補正係数
f356w_corr_1,F356Wフィルターの2番目の口径に対する補正係数
f356w_corr_2,F356Wフィルターの3番目の口径に対する補正係数
f356w_ecorr_0,F356Wフィルターの最初の口径に対する補正係数の誤差
f356w_ecorr_1,F356Wフィルターの2番目の口径に対する補正係数の誤差
f356w_ecorr_2,F356Wフィルターの3番目の口径に対する補正係数の誤差
f356w_etot_0,F356Wフィルターの最初の口径に対する全誤差
f356w_etot_1,F356Wフィルターの2番目の口径に対する全誤差
f356w_etot_2,F356Wフィルターの3番目の口径に対する全誤差
f356w_flag_aper_0,F356Wフィルターの最初の口径における測定の品質を示すフラグ
f356w_flag_aper_1,F356Wフィルターの2番目の口径における測定の品質を示すフラグ
f356w_flag_aper_2,F356Wフィルターの3番目の口径における測定の品質を示すフラグ
f356w_flux_aper_0,F356Wフィルターの最初の口径で測定されたフラックス
f356w_flux_aper_1,F356Wフィルターの2番目の口径で測定されたフラックス
f356w_flux_aper_2,F356Wフィルターの3番目の口径で測定されたフラックス
f356w_fluxerr_aper_0,F356Wフィルターの最初の口径で測定されたフラックスの誤差
f356w_fluxerr_aper_1,F356Wフィルターの2番目の口径で測定されたフラックスの誤差
f356w_fluxerr_aper_2,F356Wフィルターの3番目の口径で測定されたフラックスの誤差
f356w_mask_aper_0,F356Wフィルターの最初の口径で使用されたピクセルを示すマスク
f356w_mask_aper_1,F356Wフィルターの2番目の口径で使用されたピクセルを示すマスク
f356w_mask_aper_2,F356Wフィルターの3番目の口径で使用されたピクセルを示すマスク
f356w_tot_0,F356Wフィルターの最初の口径に対する合計値
f356w_tot_1,F356Wフィルターの2番目の口径に対する合計値
f356w_tot_2,F356Wフィルターの3番目の口径に対する合計値
f356w_tot_corr,F356Wフィルターの合計補正済みフラックス
f410m_bkg_aper_0,F410Mフィルターの最初の口径におけるバックグラウンドレベル
f410m_bkg_aper_1,F410Mフィルターの2番目の口径におけるバックグラウンドレベル
f410m_bkg_aper_2,F410Mフィルターの3番目の口径におけるバックグラウンドレベル
f410m_corr_0,F410Mフィルターの最初の口径に対する補正係数
f410m_corr_1,F410Mフィルターの2番目の口径に対する補正係数
f410m_corr_2,F410Mフィルターの3番目の口径に対する補正係数
f410m_ecorr_0,F410Mフィルターの最初の口径に対する補正係数の誤差
f410m_ecorr_1,F410Mフィルターの2番目の口径に対する補正係数の誤差
f410m_ecorr_2,F410Mフィルターの3番目の口径に対する補正係数の誤差
f410m_etot_0,F410Mフィルターの最初の口径に対する全誤差
f410m_etot_1,F410Mフィルターの2番目の口径に対する全誤差
f410m_etot_2,F410Mフィルターの3番目の口径に対する全誤差
f410m_flag_aper_0,F410Mフィルターの最初の口径における測定の品質を示すフラグ
f410m_flag_aper_1,F410Mフィルターの2番目の口径における測定の品質を示すフラグ
f410m_flag_aper_2,F410Mフィルターの3番目の口径における測定の品質を示すフラグ
f410m_flux_aper_0,F410Mフィルターの最初の口径で測定されたフラックス
f410m_flux_aper_1,F410Mフィルターの2番目の口径で測定されたフラックス
f410m_flux_aper_2,F410Mフィルターの3番目の口径で測定されたフラックス
f410m_fluxerr_aper_0,F410Mフィルターの最初の口径で測定されたフラックスの誤差
f410m_fluxerr_aper_1,F410Mフィルターの2番目の口径で測定されたフラックスの誤差
f410m_fluxerr_aper_2,F410Mフィルターの3番目の口径で測定されたフラックスの誤差
f410m_mask_aper_0,F410Mフィルターの最初の口径で使用されたピクセルを示すマスク
f410m_mask_aper_1,F410Mフィルターの2番目の口径で使用されたピクセルを示すマスク
f410m_mask_aper_2,F410Mフィルターの3番目の口径で使用されたピクセルを示すマスク
f410m_tot_0,F410Mフィルターの最初の口径に対する合計値
f410m_tot_1,F410Mフィルターの2番目の口径に対する合計値
f410m_tot_2,F410Mフィルターの3番目の口径に対する合計値
f410m_tot_corr,F410Mフィルターの合計補正済みフラックス
f430m_bkg_aper_0,F430Mフィルターの最初の口径におけるバックグラウンドレベル
f430m_bkg_aper_1,F430Mフィルターの2番目の口径におけるバックグラウンドレベル
f430m_bkg_aper_2,F430Mフィルターの3番目の口径におけるバックグラウンドレベル
f430m_corr_0,F430Mフィルターの最初の口径に対する補正係数
f430m_corr_1,F430Mフィルターの2番目の口径に対する補正係数
f430m_corr_2,F430Mフィルターの3番目の口径に対する補正係数
f430m_ecorr_0,F430Mフィルターの最初の口径に対する補正係数の誤差
f430m_ecorr_1,F430Mフィルターの2番目の口径に対する補正係数の誤差
f430m_ecorr_2,F430Mフィルターの3番目の口径に対する補正係数の誤差
f430m_etot_0,F430Mフィルターの最初の口径に対する全誤差
f430m_etot_1,F430Mフィルターの2番目の口径に対する全誤差
f430m_etot_2,F430Mフィルターの3番目の口径に対する全誤差
f430m_flag_aper_0,F430Mフィルターの最初の口径における測定の品質を示すフラグ
f430m_flag_aper_1,F430Mフィルターの2番目の口径における測定の品質を示すフラグ
f430m_flag_aper_2,F430Mフィルターの3番目の口径における測定の品質を示すフラグ
f430m_flux_aper_0,F430Mフィルターの最初の口径で測定されたフラックス
f430m_flux_aper_1,F430Mフィルターの2番目の口径で測定されたフラックス
f430m_flux_aper_2,F430Mフィルターの3番目の口径で測定されたフラックス
f430m_fluxerr_aper_0,F430Mフィルターの最初の口径で測定されたフラックスの誤差
f430m_fluxerr_aper_1,F430Mフィルターの2番目の口径で測定されたフラックスの誤差
f430m_fluxerr_aper_2,F430Mフィルターの3番目の口径で測定されたフラックスの誤差
f430m_mask_aper_0,F430Mフィルターの最初の口径で使用されたピクセルを示すマスク
f430m_mask_aper_1,F430Mフィルターの2番目の口径で使用されたピクセルを示すマスク
f430m_mask_aper_2,F430Mフィルターの3番目の口径で使用されたピクセルを示すマスク
f430m_tot_0,F430Mフィルターの最初の口径に対する合計値
f430m_tot_1,F430Mフィルターの2番目の口径に対する合計値
f430m_tot_2,F430Mフィルターの3番目の口径に対する合計値
f430m_tot_corr,F430Mフィルターの合計補正済みフラックス
f435w_bkg_aper_0,F435Wフィルターの最初の口径におけるバックグラウンドレベル
f435w_bkg_aper_1,F435Wフィルターの2番目の口径におけるバックグラウンドレベル
f435w_bkg_aper_2,F435Wフィルターの3番目の口径におけるバックグラウンドレベル
f435w_corr_0,F435Wフィルターの最初の口径に対する補正係数
f435w_corr_1,F435Wフィルターの2番目の口径に対する補正係数
f435w_corr_2,F435Wフィルターの3番目の口径に対する補正係数
f435w_ecorr_0,F435Wフィルターの最初の口径に対する補正係数の誤差
f435w_ecorr_1,F435Wフィルターの2番目の口径に対する補正係数の誤差
f435w_ecorr_2,F435Wフィルターの3番目の口径に対する補正係数の誤差
f435w_etot_0,F435Wフィルターの最初の口径に対する全誤差
f435w_etot_1,F435Wフィルターの2番目の口径に対する全誤差
f435w_etot_2,F435Wフィルターの3番目の口径に対する全誤差
f435w_flag_aper_0,F435Wフィルターの最初の口径における測定の品質を示すフラグ
f435w_flag_aper_1,F435Wフィルターの2番目の口径における測定の品質を示すフラグ
f435w_flag_aper_2,F435Wフィルターの3番目の口径における測定の品質を示すフラグ
f435w_flux_aper_0,F435Wフィルターの最初の口径で測定されたフラックス
f435w_flux_aper_1,F435Wフィルターの2番目の口径で測定されたフラックス
f435w_flux_aper_2,F435Wフィルターの3番目の口径で測定されたフラックス
f435w_fluxerr_aper_0,F435Wフィルターの最初の口径で測定されたフラックスの誤差
f435w_fluxerr_aper_1,F435Wフィルターの2番目の口径で測定されたフラックスの誤差
f435w_fluxerr_aper_2,F435Wフィルターの3番目の口径で測定されたフラックスの誤差
f435w_mask_aper_0,F435Wフィルターの最初の口径で使用されたピクセルを示すマスク
f435w_mask_aper_1,F435Wフィルターの2番目の口径で使用されたピクセルを示すマスク
f435w_mask_aper_2,F435Wフィルターの3番目の口径で使用されたピクセルを示すマスク
f435w_tot_0,F435Wフィルターの最初の口径に対する合計値
f435w_tot_1,F435Wフィルターの2番目の口径に対する合計値
f435w_tot_2,F435Wフィルターの3番目の口径に対する合計値
f435w_tot_corr,F435Wフィルターの合計補正済みフラックス
f444w-f470n_bkg_aper_0,F444W-F470Nフィルターの最初の口径におけるバックグラウンドレベル
f444w-f470n_bkg_aper_1,F444W-F470Nフィルターの2番目の口径におけるバックグラウンドレベル
f444w-f470n_bkg_aper_2,F444W-F470Nフィルターの3番目の口径におけるバックグラウンドレベル
f444w-f470n_corr_0,F444W-F470Nフィルターの最初の口径に対する補正係数
f444w-f470n_corr_1,F444W-F470Nフィルターの2番目の口径に対する補正係数
f444w-f470n_corr_2,F444W-F470Nフィルターの3番目の口径に対する補正係数
f444w-f470n_ecorr_0,F444W-F470Nフィルターの最初の口径に対する補正係数の誤差
f444w-f470n_ecorr_1,F444W-F470Nフィルターの2番目の口径に対する補正係数の誤差
f444w-f470n_ecorr_2,F444W-F470Nフィルターの3番目の口径に対する補正係数の誤差
f444w-f470n_etot_0,F444W-F470Nフィルターの最初の口径に対する全誤差
f444w-f470n_etot_1,F444W-F470Nフィルターの2番目の口径に対する全誤差
f444w-f470n_etot_2,F444W-F470Nフィルターの3番目の口径に対する全誤差
f444w-f470n_flag_aper_0,F444W-F470Nフィルターの最初の口径における測定の品質を示すフラグ
f444w-f470n_flag_aper_1,F444W-F470Nフィルターの2番目の口径における測定の品質を示すフラグ
f444w-f470n_flag_aper_2,F444W-F470Nフィルターの3番目の口径における測定の品質を示すフラグ
f444w-f470n_flux_aper_0,F444W-F470Nフィルターの最初の口径で測定されたフラックス
f444w-f470n_flux_aper_1,F444W-F470Nフィルターの2番目の口径で測定されたフラックス
f444w-f470n_flux_aper_2,F444W-F470Nフィルターの3番目の口径で測定されたフラックス
f444w-f470n_fluxerr_aper_0,F444W-F470Nフィルターの最初の口径で測定されたフラックスの誤差
f444w-f470n_fluxerr_aper_1,F444W-F470Nフィルターの2番目の口径で測定されたフラックスの誤差
f444w-f470n_fluxerr_aper_2,F444W-F470Nフィルターの3番目の口径で測定されたフラックスの誤差
f444w-f470n_mask_aper_0,F444W-F470Nフィルターの最初の口径で使用されたピクセルを示すマスク
f444w-f470n_mask_aper_1,F444W-F470Nフィルターの2番目の口径で使用されたピクセルを示すマスク
f444w-f470n_mask_aper_2,F444W-F470Nフィルターの3番目の口径で使用されたピクセルを示すマスク
f444w-f470n_tot_0,F444W-F470Nフィルターの最初の口径に対する合計値
f444w-f470n_tot_1,F444W-F470Nフィルターの2番目の口径に対する合計値
f444w-f470n_tot_2,F444W-F470Nフィルターの3番目の口径に対する合計値
f444w-f470n_tot_corr,F444W-F470Nフィルターの合計補正済みフラックス
f444w_bkg_aper_0,F444Wフィルターの最初の口径におけるバックグラウンドレベル
f444w_bkg_aper_1,F444Wフィルターの2番目の口径におけるバックグラウンドレベル
f444w_bkg_aper_2,F444Wフィルターの3番目の口径におけるバックグラウンドレベル
f444w_corr_0,F444Wフィルターの最初の口径に対する補正係数
f444w_corr_1,F444Wフィルターの2番目の口径に対する補正係数
f444w_corr_2,F444Wフィルターの3番目の口径に対する補正係数
f444w_ecorr_0,F444Wフィルターの最初の口径に対する補正係数の誤差
f444w_ecorr_1,F444Wフィルターの2番目の口径に対する補正係数の誤差
f444w_ecorr_2,F444Wフィルターの3番目の口径に対する補正係数の誤差
f444w_etot_0,F444Wフィルターの最初の口径に対する全誤差
f444w_etot_1,F444Wフィルターの2番目の口径に対する全誤差
f444w_etot_2,F444Wフィルターの3番目の口径に対する全誤差
f444w_flag_aper_0,F444Wフィルターの最初の口径における測定の品質を示すフラグ
f444w_flag_aper_1,F444Wフィルターの2番目の口径における測定の品質を示すフラグ
f444w_flag_aper_2,F444Wフィルターの3番目の口径における測定の品質を示すフラグ
f444w_flux_aper_0,F444Wフィルターの最初の口径で測定されたフラックス
f444w_flux_aper_1,F444Wフィルターの2番目の口径で測定されたフラックス
f444w_flux_aper_2,F444Wフィルターの3番目の口径で測定されたフラックス
f444w_fluxerr_aper_0,F444Wフィルターの最初の口径で測定されたフラックスの誤差
f444w_fluxerr_aper_1,F444Wフィルターの2番目の口径で測定されたフラックスの誤差
f444w_fluxerr_aper_2,F444Wフィルターの3番目の口径で測定されたフラックスの誤差
f444w_mask_aper_0,F444Wフィルターの最初の口径で使用されたピクセルを示すマスク
f444w_mask_aper_1,F444Wフィルターの2番目の口径で使用されたピクセルを示すマスク
f444w_mask_aper_2,F444Wフィルターの3番目の口径で使用されたピクセルを示すマスク
f444w_tot_0,F444Wフィルターの最初の口径に対する合計値
f444w_tot_1,F444Wフィルターの2番目の口径に対する合計値
f444w_tot_2,F444Wフィルターの3番目の口径に対する合計値
f444w_tot_corr,F444Wフィルターの合計補正済みフラックス
f480m_bkg_aper_0,F480Mフィルターの最初の口径におけるバックグラウンドレベル
f480m_bkg_aper_1,F480Mフィルターの2番目の口径におけるバックグラウンドレベル
f480m_bkg_aper_2,F480Mフィルターの3番目の口径におけるバックグラウンドレベル
f480m_corr_0,F480Mフィルターの最初の口径に対する補正係数
f480m_corr_1,F480Mフィルターの2番目の口径に対する補正係数
f480m_corr_2,F480Mフィルターの3番目の口径に対する補正係数
f480m_ecorr_0,F480Mフィルターの最初の口径に対する補正係数の誤差
f480m_ecorr_1,F480Mフィルターの2番目の口径に対する補正係数の誤差
f480m_ecorr_2,F480Mフィルターの3番目の口径に対する補正係数の誤差
f480m_etot_0,F480Mフィルターの最初の口径に対する全誤差
f480m_etot_1,F480Mフィルターの2番目の口径に対する全誤差
f480m_etot_2,F480Mフィルターの3番目の口径に対する全誤差
f480m_flag_aper_0,F480Mフィルターの最初の口径における測定の品質を示すフラグ
f480m_flag_aper_1,F480Mフィルターの2番目の口径における測定の品質を示すフラグ
f480m_flag_aper_2,F480Mフィルターの3番目の口径における測定の品質を示すフラグ
f480m_flux_aper_0,F480Mフィルターの最初の口径で測定されたフラックス
f480m_flux_aper_1,F480Mフィルターの2番目の口径で測定されたフラックス
f480m_flux_aper_2,F480Mフィルターの3番目の口径で測定されたフラックス
f480m_fluxerr_aper_0,F480Mフィルターの最初の口径で測定されたフラックスの誤差
f480m_fluxerr_aper_1,F480Mフィルターの2番目の口径で測定されたフラックスの誤差
f480m_fluxerr_aper_2,F480Mフィルターの3番目の口径で測定されたフラックスの誤差
f480m_mask_aper_0,F480Mフィルターの最初の口径で使用されたピクセルを示すマスク
f480m_mask_aper_1,F480Mフィルターの2番目の口径で使用されたピクセルを示すマスク
f480m_mask_aper_2,F480Mフィルターの3番目の口径で使用されたピクセルを示すマスク
f480m_tot_0,F480Mフィルターの最初の口径に対する合計値
f480m_tot_1,F480Mフィルターの2番目の口径に対する合計値
f480m_tot_2,F480Mフィルターの3番目の口径に対する合計値
f480m_tot_corr,F480Mフィルターの合計補正済みフラックス
f606w_bkg_aper_0,F606Wフィルターの最初の口径におけるバックグラウンドレベル
f606w_bkg_aper_1,F606Wフィルターの2番目の口径におけるバックグラウンドレベル
f606w_bkg_aper_2,F606Wフィルターの3番目の口径におけるバックグラウンドレベル
f606w_corr_0,F606Wフィルターの最初の口径に対する補正係数
f606w_corr_1,F606Wフィルターの2番目の口径に対する補正係数
f606w_corr_2,F606Wフィルターの3番目の口径に対する補正係数
f606w_ecorr_0,F606Wフィルターの最初の口径に対する補正係数の誤差
f606w_ecorr_1,F606Wフィルターの2番目の口径に対する補正係数の誤差
f606w_ecorr_2,F606Wフィルターの3番目の口径に対する補正係数の誤差
f606w_etot_0,F606Wフィルターの最初の口径に対する全誤差
f606w_etot_1,F606Wフィルターの2番目の口径に対する全誤差
f606w_etot_2,F606Wフィルターの3番目の口径に対する全誤差
f606w_flag_aper_0,F606Wフィルターの最初の口径における測定の品質を示すフラグ
f606w_flag_aper_1,F606Wフィルターの2番目の口径における測定の品質を示すフラグ
f606w_flag_aper_2,F606Wフィルターの3番目の口径における測定の品質を示すフラグ
f606w_flux_aper_0,F606Wフィルターの最初の口径で測定されたフラックス
f606w_flux_aper_1,F606Wフィルターの2番目の口径で測定されたフラックス
f606w_flux_aper_2,F606Wフィルターの3番目の口径で測定されたフラックス
f606w_fluxerr_aper_0,F606Wフィルターの最初の口径で測定されたフラックスの誤差
f606w_fluxerr_aper_1,F606Wフィルターの2番目の口径で測定されたフラックスの誤差
f606w_fluxerr_aper_2,F606Wフィルターの3番目の口径で測定されたフラックスの誤差
f606w_mask_aper_0,F606Wフィルターの最初の口径で使用されたピクセルを示すマスク
f606w_mask_aper_1,F606Wフィルターの2番目の口径で使用されたピクセルを示すマスク
f606w_mask_aper_2,F606Wフィルターの3番目の口径で使用されたピクセルを示すマスク
f606w_tot_0,F606Wフィルターの最初の口径に対する合計値
f606w_tot_1,F606Wフィルターの2番目の口径に対する合計値
f606w_tot_2,F606Wフィルターの3番目の口径に対する合計値
f606w_tot_corr,F606Wフィルターの合計補正済みフラックス
f606wu_bkg_aper_0,F606WUフィルターの最初の口径におけるバックグラウンドレベル
f606wu_bkg_aper_1,F606WUフィルターの2番目の口径におけるバックグラウンドレベル
f606wu_bkg_aper_2,F606WUフィルターの3番目の口径におけるバックグラウンドレベル
f606wu_corr_0,F606WUフィルターの最初の口径に対する補正係数
f606wu_corr_1,F606WUフィルターの2番目の口径に対する補正係数
f606wu_corr_2,F606WUフィルターの3番目の口径に対する補正係数
f606wu_ecorr_0,F606WUフィルターの最初の口径に対する補正係数の誤差
f606wu_ecorr_1,F606WUフィルターの2番目の口径に対する補正係数の誤差
f606wu_ecorr_2,F606WUフィルターの3番目の口径に対する補正係数の誤差
f606wu_etot_0,F606WUフィルターの最初の口径に対する全誤差
f606wu_etot_1,F606WUフィルターの2番目の口径に対する全誤差
f606wu_etot_2,F606WUフィルターの3番目の口径に対する全誤差
f606wu_flag_aper_0,F606WUフィルターの最初の口径における測定の品質を示すフラグ
f606wu_flag_aper_1,F606WUフィルターの2番目の口径における測定の品質を示すフラグ
f606wu_flag_aper_2,F606WUフィルターの3番目の口径における測定の品質を示すフラグ
f606wu_flux_aper_0,F606WUフィルターの最初の口径で測定されたフラックス
f606wu_flux_aper_1,F606WUフィルターの2番目の口径で測定されたフラックス
f606wu_flux_aper_2,F606WUフィルターの3番目の口径で測定されたフラックス
f606wu_fluxerr_aper_0,F606WUフィルターの最初の口径で測定されたフラックスの誤差
f606wu_fluxerr_aper_1,F606WUフィルターの2番目の口径で測定されたフラックスの誤差
f606wu_fluxerr_aper_2,F606WUフィルターの3番目の口径で測定されたフラックスの誤差
f606wu_mask_aper_0,F606WUフィルターの最初の口径で使用されたピクセルを示すマスク
f606wu_mask_aper_1,F606WUフィルターの2番目の口径で使用されたピクセルを示すマスク
f606wu_mask_aper_2,F606WUフィルターの3番目の口径で使用されたピクセルを示すマスク
f606wu_tot_0,F606WUフィルターの最初の口径に対する合計値
f606wu_tot_1,F606WUフィルターの2番目の口径に対する合計値
f606wu_tot_2,F606WUフィルターの3番目の口径に対する合計値
f606wu_tot_corr,F606WUフィルターの合計補正済みフラックス
f814w_bkg_aper_0,F814Wフィルターの最初の口径におけるバックグラウンドレベル
f814w_bkg_aper_1,F814Wフィルターの2番目の口径におけるバックグラウンドレベル
f814w_bkg_aper_2,F814Wフィルターの3番目の口径におけるバックグラウンドレベル
f814w_corr_0,F814Wフィルターの最初の口径に対する補正係数
f814w_corr_1,F814Wフィルターの2番目の口径に対する補正係数
f814w_corr_2,F814Wフィルターの3番目の口径に対する補正係数
f814w_ecorr_0,F814Wフィルターの最初の口径に対する補正係数の誤差
f814w_ecorr_1,F814Wフィルターの2番目の口径に対する補正係数の誤差
f814w_ecorr_2,F814Wフィルターの3番目の口径に対する補正係数の誤差
f814w_etot_0,F814Wフィルターの最初の口径に対する全誤差
f814w_etot_1,F814Wフィルターの2番目の口径に対する全誤差
f814w_etot_2,F814Wフィルターの3番目の口径に対する全誤差
f814w_flag_aper_0,F814Wフィルターの最初の口径における測定の品質を示すフラグ
f814w_flag_aper_1,F814Wフィルターの2番目の口径における測定の品質を示すフラグ
f814w_flag_aper_2,F814Wフィルターの3番目の口径における測定の品質を示すフラグ
f814w_flux_aper_0,F814Wフィルターの最初の口径で測定されたフラックス
f814w_flux_aper_1,F814Wフィルターの2番目の口径で測定されたフラックス
f814w_flux_aper_2,F814Wフィルターの3番目の口径で測定されたフラックス
f814w_fluxerr_aper_0,F814Wフィルターの最初の口径で測定されたフラックスの誤差
f814w_fluxerr_aper_1,F814Wフィルターの2番目の口径で測定されたフラックスの誤差
f814w_fluxerr_aper_2,F814Wフィルターの3番目の口径で測定されたフラックスの誤差
f814w_mask_aper_0,F814Wフィルターの最初の口径で使用されたピクセルを示すマスク
f814w_mask_aper_1,F814Wフィルターの2番目の口径で使用されたピクセルを示すマスク
f814w_mask_aper_2,F814Wフィルターの3番目の口径で使用されたピクセルを示すマスク
f814w_tot_0,F814Wフィルターの最初の口径に対する合計値
f814w_tot_1,F814Wフィルターの2番目の口径に対する合計値
f814w_tot_2,F814Wフィルターの3番目の口径に対する合計値
f814w_tot_corr,F814Wフィルターの合計補正済みフラックス
flag,一般的な品質フラグ
flag_aper_0,最初の口径における測定の品質を示すフラグ
flag_aper_1,2番目の口径における測定の品質を示すフラグ
flag_aper_2,3番目の口径における測定の品質を示すフラグ
flag_auto,自動測定法によるフラグ
flux,天体の全フラックス
flux_aper_0,最初の口径で測定されたフラックス
flux_aper_1,2番目の口径で測定されたフラックス
flux_aper_2,3番目の口径で測定されたフラックス
flux_auto,自動測定法で測定されたフラックス
flux_iso,アイソフォタル測定法で測定されたフラックス
flux_radius,全フラックスの一定割合を含む半径
flux_radius_20,全フラックスの20%を含む半径
flux_radius_90,全フラックスの90%を含む半径
flux_radius_flag,フラックス半径に関連するフラグ
fluxerr_aper_0,最初の口径で測定されたフラックスの誤差
fluxerr_aper_1,2番目の口径で測定されたフラックスの誤差
fluxerr_aper_2,3番目の口径で測定されたフラックスの誤差
fluxerr_auto,自動測定法で測定されたフラックスの誤差
fluxerr_iso,アイソフォタル測定法で測定されたフラックスの誤差
healpix,HEALPixインデックス（天球のピクセル化）
id,天体の識別番号
image_band,検出に使用された画像のバンド
image_flux,検出に使用された画像のフラックス
image_ivar,検出に使用された画像の逆分散
image_mask,検出に使用された画像のマスク
image_psf_fwhm,検出に使用された画像のPSFの半値幅
image_scale,検出に使用された画像のスケール
kron_radius,クロン半径（フラックス測定に関連）
kron_rcirc,クロン円形半径（フラックス測定に関連）
mag_auto,自動測定法で計算された等級
mag_iso,アイソフォタル測定法で計算された等級
magerr_auto,自動測定法で計算された等級の誤差
mask_aper_0,最初の口径で使用されたピクセルを示すマスク
mask_aper_1,2番目の口径で使用されたピクセルを示すマスク
mask_aper_2,3番目の口径で使用されたピクセルを示すマスク
npix,天体を構成するピクセル数
number,天体の番号
object_id,天体のオブジェクトID
peak,ピークピクセル値
ra,天体の赤経（天球座標）
theta_image,画像における天体の位置角
thresh,検出閾値
tnpix,有効なピクセルの総数
tot_corr,補正された全フラックス
x,ピクセル座標のx値
x2_image,画像におけるx方向の二次のモーメント
x_image,画像における天体のx座標
x_world,天体のワールド座標系のx値
xcpeak,ピークピクセルのx座標
xmax,天体のx方向の最大範囲
xmin,天体のx方向の最小範囲
xpeak,ピークピクセル値のx値
xy_image,画像におけるxy方向の二次のモーメント
y,ピクセル座標のy値
y2_image,画像におけるy方向の二次のモーメント
y_image,画像における天体のy座標
y_world,天体のワールド座標系のy値
ycpeak,ピークピクセルのy座標
ymax,天体のy方向の最大範囲
ymin,天体のy方向の最小範囲
ypeak,ピークピクセル値のy値
z_spec,分光学的赤方偏移